date,window,instrument,direction,option_type,strike,entry_time,exit_time,entry_price,exit_price,pnl_pct,gross_pnl,transaction_cost,pnl_rupees,cumulative_pnl,cumulative_capital,trade_budget,quantity,exit_reason,holding_min,is_expiry,is_paper
2023-01-05,W1,SENSEX,BEARISH,PE,60400,09:40:00,10:10:00,30.38,12.33,-59.43,-5777.71,57.09,-5834.8,-5834.8,44165.2,10000,320,STOP_LOSS,349,True,False
2023-01-05,W3,SENSEX,BULLISH,CE,60400,15:00:00,15:20:00,8.14,1.79,-78.04,-7746.78,54.69,-7801.47,-13636.27,36363.73,10000,1220,STOP_LOSS,29,True,False
2023-01-12,W2,SENSEX,BEARISH,PE,59600,13:20:00,13:30:00,5.96,22.08,270.28,26749.01,103.41,26645.6,13009.33,63009.33,10000,1660,TARGET_HIT,129,True,False
2023-02-02,W1,SENSEX,BULLISH,CE,60000,09:40:00,09:50:00,32.37,9.67,-70.13,-6811.2,55.61,-6866.81,6142.52,56142.52,10000,300,STOP_LOSS,349,True,False
2023-02-02,W3,SENSEX,BULLISH,CE,60000,14:50:00,14:55:00,9.55,0.43,-95.51,-9484.72,52.24,-9536.96,-3394.44,46605.56,10000,1040,STOP_LOSS,39,True,False
2023-02-16,W3,SENSEX,BEARISH,PE,61300,15:05:00,15:15:00,2.95,31.38,965.12,96097.59,201.58,95896.01,92501.57,142501.57,10000,3380,TARGET_HIT,24,True,False
2023-03-09,W2,SENSEX,BEARISH,PE,59800,13:35:00,15:10:00,6.71,29.12,333.78,33164.2,112.55,33051.65,125553.22,175553.22,10000,1480,TARGET_HIT,114,True,False
2023-03-09,W3,SENSEX,BEARISH,PE,59700,15:10:00,15:20:00,1.26,0.18,-85.77,-8576.41,53.65,-8630.06,116923.16,166923.16,10000,7920,STOP_LOSS,19,True,False
2023-03-16,W2,SENSEX,BEARISH,PE,57300,13:05:00,13:10:00,8.58,1.62,-81.15,-8074.02,54.27,-8128.29,108794.87,158794.87,10000,1160,STOP_LOSS,144,True,False
2023-03-16,W3,SENSEX,BEARISH,PE,57500,14:50:00,14:55:00,1.21,6.44,430.93,43051.36,126.64,42924.72,151719.59,201719.59,10000,8240,TARGET_HIT,39,True,False
2023-03-23,W2,SENSEX,BEARISH,PE,58100,13:45:00,14:10:00,6.46,23.13,257.95,25672.94,101.99,25570.95,177290.54,227290.54,10000,1540,TARGET_HIT,104,True,False
2023-04-13,W3,SENSEX,BULLISH,CE,60500,15:00:00,15:25:00,2.24,0.0,-100.0,-9965.49,51.62,-10017.11,167273.43,217273.43,10000,4440,STOP_LOSS,29,True,False
2023-04-20,W3,SENSEX,BULLISH,CE,59700,15:05:00,15:20:00,4.1,0.9,-78.08,-7807.95,54.74,-7862.69,159410.74,209410.74,10000,2440,STOP_LOSS,24,True,False
2023-04-27,W2,SENSEX,BULLISH,CE,60700,13:30:00,13:45:00,7.01,3.62,-48.35,-4815.59,58.9,-4874.49,154536.25,204536.25,10000,1420,STOP_LOSS,119,True,False
2023-05-04,W3,SENSEX,BULLISH,CE,61800,15:00:00,15:20:00,4.41,1.19,-73.06,-7279.87,55.42,-7335.29,147200.96,197200.96,10000,2260,STOP_LOSS,29,True,False
2023-05-11,W3,SENSEX,BEARISH,PE,61800,14:50:00,15:00:00,6.8,3.37,-50.42,-5008.3,58.57,-5066.87,142134.09,192134.09,10000,1460,STOP_LOSS,39,True,False
2023-05-18,W3,SENSEX,BEARISH,PE,61400,15:00:00,15:15:00,9.02,3.39,-62.37,-6187.28,56.88,-6244.16,135889.93,185889.93,10000,1100,STOP_LOSS,29,True,False
2023-05-25,W3,SENSEX,BULLISH,CE,61800,14:50:00,15:05:00,12.55,80.24,539.61,52801.44,140.04,52661.4,188551.33,238551.33,10000,780,TARGET_HIT,39,True,False
2023-06-01,W3,SENSEX,BULLISH,CE,62700,14:55:00,15:00:00,1.42,0.08,-94.39,-9427.86,52.43,-9480.29,179071.04,229071.04,10000,7020,STOP_LOSS,34,True,False
2023-06-08,W1,SENSEX,BULLISH,CE,63500,10:20:00,11:10:00,26.42,16.22,-38.62,-3673.89,59.68,-3733.57,175337.47,225337.47,10000,360,STOP_LOSS,309,True,False
2023-06-15,W1,SENSEX,BULLISH,CE,63400,09:55:00,11:05:00,37.92,21.01,-44.59,-4396.02,59.3,-4455.32,170882.15,220882.15,10000,260,STOP_LOSS,334,True,False
2023-06-22,W2,SENSEX,BULLISH,CE,63600,13:20:00,13:40:00,5.32,24.11,353.17,34951.37,115.01,34836.36,205718.51,255718.51,10000,1860,TARGET_HIT,129,True,False
2023-06-22,W3,SENSEX,BEARISH,PE,63200,15:05:00,15:20:00,6.51,2.47,-62.15,-6152.87,56.89,-6209.76,199508.75,249508.75,10000,1520,STOP_LOSS,24,True,False
2023-07-06,W1,SENSEX,BULLISH,CE,65800,10:05:00,12:25:00,25.26,13.38,-47.02,-4513.35,58.65,-4572.0,194936.75,244936.75,10000,380,STOP_LOSS,324,True,False
2023-07-13,W1,SENSEX,BULLISH,CE,66100,09:45:00,12:25:00,35.48,21.14,-40.43,-4016.09,59.98,-4076.07,190860.68,240860.68,10000,280,STOP_LOSS,344,True,False
2023-07-13,W2,SENSEX,BEARISH,PE,65700,13:50:00,14:05:00,8.89,45.06,406.99,40512.6,122.98,40389.62,231250.3,281250.3,10000,1120,TARGET_HIT,99,True,False
2023-07-13,W3,SENSEX,BEARISH,PE,65400,14:50:00,15:05:00,6.7,1.8,-73.2,-7262.33,55.36,-7317.69,223932.61,273932.61,10000,1480,STOP_LOSS,39,True,False
2023-07-20,W1,SENSEX,BEARISH,PE,66700,09:50:00,10:00:00,38.76,15.77,-59.32,-5517.35,56.68,-5574.03,218358.58,268358.58,10000,240,STOP_LOSS,339,True,False
2023-07-20,W3,SENSEX,BULLISH,CE,67600,15:00:00,15:25:00,7.78,0.35,-95.51,-9505.56,52.25,-9557.81,208800.77,258800.77,10000,1280,STOP_LOSS,29,True,False
2023-07-27,W1,SENSEX,BEARISH,PE,66600,10:00:00,11:20:00,36.24,109.41,201.89,19023.78,91.61,18932.17,227732.94,277732.94,10000,260,TARGET_HIT,329,True,False
2023-07-27,W2,SENSEX,BULLISH,CE,66700,13:15:00,13:25:00,8.44,1.69,-80.01,-7965.26,54.43,-8019.69,219713.25,269713.25,10000,1180,STOP_LOSS,134,True,False
2023-07-27,W3,SENSEX,BEARISH,PE,66000,14:50:00,15:00:00,4.63,0.42,-90.95,-9093.77,52.92,-9146.69,210566.56,260566.56,10000,2160,STOP_LOSS,39,True,False
2023-08-03,W1,SENSEX,BEARISH,PE,65400,10:30:00,10:55:00,28.5,13.65,-52.09,-5047.04,58.07,-5105.11,205461.45,255461.45,10000,340,STOP_LOSS,299,True,False
2023-08-03,W3,SENSEX,BULLISH,CE,65200,14:55:00,15:10:00,7.85,70.73,801.5,79232.08,177.6,79054.48,284515.93,334515.93,10000,1260,TARGET_HIT,34,True,False
2023-08-10,W2,SENSEX,BEARISH,PE,65500,13:25:00,14:05:00,8.0,2.43,-69.67,-6907.82,55.85,-6963.67,277552.26,327552.26,10000,1240,STOP_LOSS,124,True,False
2023-08-24,W2,SENSEX,BEARISH,PE,65200,13:15:00,13:30:00,11.91,5.06,-57.53,-5620.21,57.4,-5677.61,271874.65,321874.65,10000,820,STOP_LOSS,134,True,False
2023-08-31,W1,SENSEX,BULLISH,CE,65400,09:35:00,10:05:00,36.91,17.99,-51.25,-4919.13,58.08,-4977.21,266897.44,316897.44,10000,260,STOP_LOSS,354,True,False
2023-08-31,W2,SENSEX,BEARISH,PE,64700,13:15:00,13:25:00,7.02,3.25,-53.68,-5354.17,58.16,-5412.33,261485.11,311485.11,10000,1420,STOP_LOSS,134,True,False
2023-09-14,W1,SENSEX,BEARISH,PE,67400,10:05:00,13:20:00,35.34,21.6,-38.89,-3848.27,60.14,-3908.41,257576.7,307576.7,10000,280,STOP_LOSS,324,True,False
2023-09-14,W3,SENSEX,BULLISH,CE,67600,15:05:00,15:25:00,4.86,0.21,-95.69,-9486.24,52.21,-9538.45,248038.25,298038.25,10000,2040,STOP_LOSS,24,True,False
2023-09-21,W1,SENSEX,BEARISH,PE,66200,09:55:00,15:00:00,40.95,23.27,-43.17,-4242.81,59.46,-4302.27,243735.98,293735.98,10000,240,STOP_LOSS,334,True,False
2023-09-21,W3,SENSEX,BULLISH,CE,66300,15:10:00,15:25:00,4.68,1.16,-75.26,-7465.92,55.07,-7520.99,236214.99,286214.99,10000,2120,STOP_LOSS,19,True,False
2023-10-19,W1,SENSEX,BULLISH,CE,65800,09:55:00,10:15:00,25.89,15.51,-40.1,-3945.45,59.9,-4005.35,232209.64,282209.64,10000,380,STOP_LOSS,334,True,False
2023-10-26,W1,SENSEX,BEARISH,PE,63300,09:40:00,10:55:00,37.69,104.6,177.56,17397.94,90.01,17307.93,249517.57,299517.57,10000,260,TARGET_HIT,349,True,False
2023-10-26,W3,SENSEX,BEARISH,PE,63100,15:00:00,15:10:00,8.4,2.91,-65.29,-6469.47,56.46,-6525.93,242991.64,292991.64,10000,1180,STOP_LOSS,29,True,False
2023-11-02,W3,SENSEX,BULLISH,CE,64200,14:55:00,15:05:00,1.66,0.73,-56.2,-5608.68,57.81,-5666.49,237325.15,287325.15,10000,6000,STOP_LOSS,34,True,False
2023-11-16,W1,SENSEX,BULLISH,CE,65900,09:40:00,11:00:00,42.4,140.5,231.33,21580.64,95.05,21485.59,258810.74,308810.74,10000,220,TARGET_HIT,349,True,False
2023-11-16,W3,SENSEX,BEARISH,PE,66000,15:00:00,15:05:00,1.06,26.01,2348.68,234490.14,397.32,234092.82,492903.56,542903.56,10000,9400,TARGET_HIT,29,True,False
2023-11-23,W1,SENSEX,BEARISH,PE,65900,10:15:00,12:25:00,32.14,14.28,-55.57,-5358.83,57.54,-5416.37,487487.19,537487.19,10000,300,STOP_LOSS,314,True,False
2023-11-30,W1,SENSEX,BEARISH,PE,66500,09:50:00,10:20:00,30.11,18.38,-38.95,-3752.62,59.8,-3812.42,483674.77,533674.77,10000,320,STOP_LOSS,339,True,False
2023-11-30,W3,SENSEX,BULLISH,CE,67100,15:05:00,15:10:00,1.26,0.57,-54.94,-5493.79,58.01,-5551.8,478122.97,528122.97,10000,7920,STOP_LOSS,24,True,False
2023-12-14,W1,SENSEX,BULLISH,CE,70700,09:55:00,10:05:00,43.43,27.98,-35.56,-3397.41,60.15,-3457.56,474665.41,524665.41,10000,220,STOP_LOSS,334,True,False
2023-12-14,W2,SENSEX,BULLISH,CE,70800,13:30:00,13:45:00,7.32,2.27,-69.07,-6880.46,55.98,-6936.44,467728.97,517728.97,10000,1360,STOP_LOSS,119,True,False
2023-12-19,W3,NIFTY,BEARISH,PE,21400,14:55:00,15:00:00,1.36,0.25,-81.69,-8104.24,56.18,-8160.42,459568.55,509568.55,10000,7280,STOP_LOSS,34,True,False
2023-12-21,W1,SENSEX,BULLISH,CE,70400,09:40:00,10:05:00,40.13,108.62,170.68,16438.13,88.34,16349.79,475918.34,525918.34,10000,240,TARGET_HIT,349,True,False
2023-12-21,W2,SENSEX,BEARISH,PE,70500,13:35:00,13:45:00,9.81,3.7,-62.26,-6107.0,56.79,-6163.79,469754.55,519754.55,10000,1000,STOP_LOSS,114,True,False
2023-12-21,W3,SENSEX,BEARISH,PE,70700,15:05:00,15:10:00,2.95,0.03,-98.98,-9855.88,51.76,-9907.64,459846.91,509846.91,10000,3380,STOP_LOSS,24,True,False
2023-12-28,W3,SENSEX,BULLISH,CE,72500,15:00:00,15:15:00,3.91,0.86,-78.04,-7745.78,54.69,-7800.47,452046.44,502046.44,10000,2540,STOP_LOSS,29,True,False
2024-01-04,W1,SENSEX,BULLISH,CE,72000,11:05:00,12:05:00,34.23,20.42,-40.34,-3866.59,59.54,-3926.13,448120.31,498120.31,10000,280,STOP_LOSS,264,True,False
2024-01-11,W1,SENSEX,BEARISH,PE,71500,10:50:00,10:55:00,25.49,16.18,-36.54,-3539.05,60.19,-3599.24,444521.07,494521.07,10000,380,STOP_LOSS,279,True,False
2024-01-11,W2,SENSEX,BEARISH,PE,71400,14:10:00,14:15:00,5.28,2.26,-57.29,-5687.11,57.6,-5744.71,438776.36,488776.36,10000,1880,STOP_LOSS,79,True,False
2024-01-18,W1,SENSEX,BEARISH,PE,70700,09:35:00,09:55:00,33.81,105.28,211.41,20012.03,93.09,19918.94,458695.3,508695.3,10000,280,TARGET_HIT,354,True,False
2024-01-25,W1,SENSEX,BEARISH,PE,70500,10:05:00,10:20:00,36.29,116.87,222.01,20949.07,94.35,20854.72,479550.02,529550.02,10000,260,TARGET_HIT,324,True,False
2024-01-25,W3,SENSEX,BULLISH,CE,70700,15:00:00,15:05:00,2.02,14.64,623.34,62326.1,153.91,62172.19,541722.21,591722.21,10000,4940,TARGET_HIT,29,True,False
2024-02-01,W1,SENSEX,BEARISH,PE,71400,09:35:00,09:40:00,30.63,10.6,-65.4,-6410.36,56.35,-6466.71,535255.5,585255.5,10000,320,STOP_LOSS,354,True,False
2024-02-01,W2,SENSEX,BEARISH,PE,71400,13:30:00,13:40:00,5.32,2.55,-51.98,-5144.28,58.31,-5202.59,530052.91,580052.91,10000,1860,STOP_LOSS,119,True,False
2024-02-08,W1,SENSEX,BEARISH,PE,72000,10:05:00,10:25:00,44.95,27.87,-37.99,-3756.63,60.26,-3816.89,526236.02,576236.02,10000,220,STOP_LOSS,324,True,False
2024-02-08,W3,SENSEX,BEARISH,PE,71200,14:55:00,15:00:00,12.47,1.16,-90.72,-9053.78,52.94,-9106.72,517129.3,567129.3,10000,800,STOP_LOSS,34,True,False
2024-02-15,W1,SENSEX,BEARISH,PE,71500,09:55:00,10:05:00,43.02,10.61,-75.34,-7129.57,54.7,-7184.27,509945.03,559945.03,10000,220,STOP_LOSS,334,True,False
2024-02-15,W2,SENSEX,BULLISH,CE,72200,13:35:00,13:55:00,10.23,39.42,285.33,28022.96,105.07,27917.89,537862.92,587862.92,10000,960,TARGET_HIT,114,True,False
2024-02-22,W1,SENSEX,BULLISH,CE,72800,09:40:00,09:50:00,45.05,22.2,-50.73,-5027.97,58.51,-5086.48,532776.44,582776.44,10000,220,STOP_LOSS,349,True,False
2024-02-22,W3,SENSEX,BULLISH,CE,73100,14:55:00,15:00:00,8.58,46.38,440.71,43847.93,127.69,43720.24,576496.68,626496.68,10000,1160,TARGET_HIT,34,True,False
2024-02-29,W1,SENSEX,BEARISH,PE,71900,10:10:00,10:25:00,27.93,12.72,-54.43,-5168.42,57.53,-5225.95,571270.73,621270.73,10000,340,STOP_LOSS,319,True,False
2024-02-29,W3,SENSEX,BEARISH,PE,72200,14:55:00,15:10:00,2.63,0.0,-100.0,-9975.91,51.63,-10027.54,561243.19,611243.19,10000,3800,STOP_LOSS,34,True,False
2024-03-07,W3,SENSEX,BULLISH,CE,74300,15:00:00,15:05:00,6.1,0.53,-91.33,-9028.65,52.8,-9081.45,552161.74,602161.74,10000,1620,STOP_LOSS,29,True,False
2024-03-14,W1,SENSEX,BULLISH,CE,73100,10:40:00,11:35:00,42.0,127.06,202.49,18711.34,90.83,18620.51,570782.25,620782.25,10000,220,TARGET_HIT,289,True,False
2024-03-14,W2,SENSEX,BEARISH,PE,72900,13:35:00,14:20:00,9.19,2.27,-75.34,-7476.71,55.07,-7531.78,563250.47,613250.47,10000,1080,STOP_LOSS,114,True,False
2024-03-14,W3,SENSEX,BULLISH,CE,73200,15:00:00,15:10:00,1.85,0.77,-58.54,-5838.59,57.47,-5896.06,557354.41,607354.41,10000,5380,STOP_LOSS,29,True,False
2024-03-21,W1,SENSEX,BULLISH,CE,73000,10:05:00,11:20:00,40.0,25.68,-35.8,-3437.11,60.18,-3497.29,553857.12,603857.12,10000,240,STOP_LOSS,324,True,False
2024-03-21,W3,SENSEX,BEARISH,PE,72500,15:00:00,15:05:00,11.56,1.37,-88.18,-8768.41,53.28,-8821.69,545035.43,595035.43,10000,860,STOP_LOSS,29,True,False
2024-03-28,W1,SENSEX,BULLISH,CE,73800,09:45:00,10:40:00,32.64,94.32,189.02,18505.75,91.56,18414.19,563449.62,613449.62,10000,300,TARGET_HIT,344,True,False
2024-03-28,W3,SENSEX,BEARISH,PE,73800,14:55:00,15:00:00,9.77,122.97,1158.75,115468.14,228.99,115239.15,678688.77,728688.77,10000,1020,TARGET_HIT,34,True,False
2024-04-04,W1,SENSEX,BEARISH,PE,73600,09:50:00,10:15:00,31.25,18.77,-39.93,-3744.0,59.33,-3803.33,674885.44,724885.44,10000,300,STOP_LOSS,339,True,False
2024-04-04,W2,SENSEX,BULLISH,CE,74400,13:20:00,13:55:00,17.7,8.9,-49.69,-4924.17,58.65,-4982.82,669902.62,719902.62,10000,560,STOP_LOSS,129,True,False
2024-04-04,W3,SENSEX,BEARISH,PE,74100,14:55:00,15:10:00,3.08,0.96,-68.85,-6862.51,56.01,-6918.52,662984.1,712984.1,10000,3240,STOP_LOSS,34,True,False
2024-04-18,W1,SENSEX,BEARISH,PE,72800,09:45:00,09:55:00,42.62,24.95,-41.45,-3886.31,59.12,-3945.43,659038.67,709038.67,10000,220,STOP_LOSS,344,True,False
2024-04-18,W2,SENSEX,BEARISH,PE,72600,13:25:00,13:30:00,6.23,0.03,-99.52,-9924.0,51.7,-9975.7,649062.97,699062.97,10000,1600,STOP_LOSS,124,True,False
2024-04-25,W1,SENSEX,BULLISH,CE,74100,09:55:00,10:10:00,35.8,90.56,152.95,14236.84,84.63,14152.21,663215.18,713215.18,10000,260,TARGET_HIT,334,True,False
2024-04-25,W2,SENSEX,BULLISH,CE,74400,13:45:00,13:55:00,11.51,3.24,-71.83,-7111.75,55.54,-7167.29,656047.89,706047.89,10000,860,STOP_LOSS,104,True,False
2024-04-25,W3,SENSEX,BEARISH,PE,74300,15:05:00,15:25:00,7.79,2.22,-71.54,-7129.57,55.63,-7185.2,648862.69,698862.69,10000,1280,STOP_LOSS,24,True,False
2024-05-09,W1,SENSEX,BEARISH,PE,72900,10:10:00,12:15:00,39.64,21.06,-46.88,-4459.52,58.57,-4518.09,644344.6,694344.6,10000,240,STOP_LOSS,319,True,False
2024-05-09,W2,SENSEX,BEARISH,PE,72400,13:20:00,13:25:00,8.28,3.01,-63.58,-6315.07,56.72,-6371.79,637972.81,687972.81,10000,1200,STOP_LOSS,129,True,False
2024-05-16,W1,SENSEX,BEARISH,PE,72800,10:20:00,10:30:00,44.65,28.1,-37.06,-3640.0,60.3,-3700.3,634272.51,684272.51,10000,220,STOP_LOSS,309,True,False
2024-05-16,W2,SENSEX,BEARISH,PE,72400,13:15:00,13:50:00,7.32,3.6,-50.81,-5061.7,58.55,-5120.25,629152.26,679152.26,10000,1360,STOP_LOSS,134,True,False
2024-05-16,W3,SENSEX,BULLISH,CE,73500,14:50:00,14:55:00,4.64,35.56,666.47,66167.69,159.21,66008.48,695160.74,745160.74,10000,2140,TARGET_HIT,39,True,False
2024-05-30,W1,SENSEX,BEARISH,PE,73900,10:00:00,12:05:00,32.03,14.32,-55.29,-5313.79,57.54,-5371.33,689789.41,739789.41,10000,300,STOP_LOSS,329,True,False
2024-05-30,W2,SENSEX,BEARISH,PE,73900,13:15:00,14:35:00,17.9,69.17,286.52,27688.86,104.31,27584.55,717373.96,767373.96,10000,540,TARGET_HIT,134,True,False
2024-05-30,W3,SENSEX,BEARISH,PE,73700,14:50:00,14:55:00,9.45,47.53,403.07,39609.32,121.47,39487.85,756861.81,806861.81,10000,1040,TARGET_HIT,39,True,False
2024-06-06,W1,SENSEX,BEARISH,PE,74500,09:40:00,10:00:00,30.25,8.16,-73.01,-7067.76,55.19,-7122.95,749738.86,799738.86,10000,320,STOP_LOSS,349,True,False
2024-06-06,W2,SENSEX,BULLISH,CE,75000,13:25:00,13:35:00,18.27,65.02,255.95,25246.75,101.23,25145.52,774884.38,824884.38,10000,540,TARGET_HIT,124,True,False
2024-06-06,W3,SENSEX,BEARISH,PE,74600,14:50:00,14:55:00,3.92,0.02,-99.49,-9900.56,51.69,-9952.25,764932.13,814932.13,10000,2540,STOP_LOSS,39,True,False
2024-06-13,W1,SENSEX,BEARISH,PE,76600,09:50:00,09:55:00,42.23,23.44,-44.49,-4134.08,58.62,-4192.7,760739.43,810739.43,10000,220,STOP_LOSS,339,True,False
2024-06-20,W1,SENSEX,BEARISH,PE,77000,09:45:00,09:55:00,50.73,28.56,-43.7,-3990.33,58.52,-4048.85,756690.58,806690.58,10000,180,STOP_LOSS,344,True,False
2024-06-20,W2,SENSEX,BULLISH,CE,77800,13:20:00,13:45:00,12.72,6.56,-48.43,-4803.65,58.84,-4862.49,751828.09,801828.09,10000,780,STOP_LOSS,129,True,False
2024-06-25,W3,NIFTY,BULLISH,CE,23750,15:00:00,15:25:00,1.23,0.01,-99.19,-9853.19,53.44,-9906.63,741921.46,791921.46,10000,8060,STOP_LOSS,29,True,False
2024-06-27,W1,SENSEX,BULLISH,CE,78900,09:45:00,10:00:00,47.34,145.18,206.64,19566.91,92.46,19474.45,761395.91,811395.91,10000,200,TARGET_HIT,344,True,False
2024-06-27,W3,SENSEX,BULLISH,CE,79300,15:10:00,15:15:00,9.31,56.08,502.43,49575.18,135.63,49439.55,810835.46,860835.46,10000,1060,TARGET_HIT,19,True,False
2024-07-04,W1,SENSEX,BEARISH,PE,79900,10:35:00,11:00:00,39.28,23.57,-39.99,-3769.35,59.39,-3828.74,807006.72,857006.72,10000,240,STOP_LOSS,294,True,False
2024-07-04,W3,SENSEX,BEARISH,PE,79900,15:05:00,15:10:00,3.3,0.54,-83.65,-8328.13,53.92,-8382.05,798624.67,848624.67,10000,3020,STOP_LOSS,24,True,False
2024-07-11,W1,SENSEX,BEARISH,PE,79500,10:15:00,11:55:00,51.52,26.6,-48.38,-4486.71,58.09,-4544.8,794079.87,844079.87,10000,180,STOP_LOSS,314,True,False
2024-07-11,W2,SENSEX,BULLISH,CE,80100,14:00:00,14:05:00,9.45,2.39,-74.76,-7346.19,55.07,-7401.26,786678.61,836678.61,10000,1040,STOP_LOSS,89,True,False
2024-07-18,W1,SENSEX,BULLISH,CE,81000,09:45:00,10:45:00,52.12,28.03,-46.22,-4336.24,58.5,-4394.74,782283.87,832283.87,10000,180,STOP_LOSS,344,True,False
2024-07-18,W2,SENSEX,BULLISH,CE,81300,13:10:00,14:00:00,16.71,111.1,564.72,54742.72,142.62,54600.1,836883.97,886883.97,10000,580,TARGET_HIT,139,True,False
2024-07-23,W3,NIFTY,BEARISH,PE,24450,14:55:00,15:00:00,1.6,0.15,-90.66,-8975.36,54.75,-9030.11,827853.86,877853.86,10000,6175,STOP_LOSS,34,True,False
2024-08-01,W1,SENSEX,BEARISH,PE,81700,10:25:00,11:10:00,46.76,28.82,-38.37,-3588.22,59.5,-3647.72,824206.14,874206.14,10000,200,STOP_LOSS,304,True,False
2024-08-06,W3,NIFTY,BULLISH,CE,24050,14:55:00,15:00:00,1.47,0.37,-74.93,-7460.88,57.28,-7518.16,816687.98,866687.98,10000,6760,STOP_LOSS,34,True,False
2024-08-08,W1,SENSEX,BEARISH,PE,78700,10:05:00,10:10:00,42.67,21.91,-48.66,-4566.99,58.18,-4625.17,812062.81,862062.81,10000,220,STOP_LOSS,324,True,False
2024-08-08,W2,SENSEX,BEARISH,PE,78700,13:25:00,13:30:00,14.48,4.54,-68.64,-6757.84,55.94,-6813.78,805249.03,855249.03,10000,680,STOP_LOSS,124,True,False
2024-08-29,W1,SENSEX,BULLISH,CE,82200,09:50:00,11:40:00,44.01,26.46,-39.88,-3861.19,59.73,-3920.92,801328.11,851328.11,10000,220,STOP_LOSS,339,True,False
2024-08-29,W3,SENSEX,BULLISH,CE,82200,14:50:00,14:55:00,4.31,67.76,1472.77,147216.99,273.94,146943.05,948271.16,998271.16,10000,2320,TARGET_HIT,39,True,False
2024-09-05,W1,SENSEX,BEARISH,PE,82000,10:30:00,11:05:00,38.14,19.28,-49.44,-4902.24,58.69,-4960.93,943310.23,993310.23,10000,260,STOP_LOSS,299,True,False
2024-09-12,W1,SENSEX,BEARISH,PE,81400,11:25:00,11:30:00,31.52,20.34,-35.48,-3355.1,60.03,-3415.13,939895.1,989895.1,10000,300,STOP_LOSS,244,True,False
2024-09-12,W2,SENSEX,BULLISH,CE,82300,14:00:00,14:05:00,9.06,93.64,933.8,93042.69,197.28,92845.41,1032740.51,1082740.51,10000,1100,TARGET_HIT,89,True,False
2024-09-12,W3,SENSEX,BULLISH,CE,82900,14:55:00,15:00:00,16.04,154.29,861.79,85714.24,186.88,85527.36,1118267.87,1168267.87,10000,620,TARGET_HIT,34,True,False
2024-09-19,W1,SENSEX,BEARISH,PE,83200,10:40:00,10:50:00,41.85,19.86,-52.55,-4838.53,57.47,-4896.0,1113371.87,1163371.87,10000,220,STOP_LOSS,289,True,False
2024-09-24,W3,NIFTY,BEARISH,PE,25900,15:00:00,15:10:00,1.72,0.26,-84.94,-8469.01,55.71,-8524.72,1104847.15,1154847.15,10000,5785,STOP_LOSS,29,True,False
2024-09-26,W3,SENSEX,BULLISH,CE,85900,14:55:00,15:10:00,10.95,1.52,-86.15,-8491.41,53.51,-8544.92,1096302.23,1146302.23,10000,900,STOP_LOSS,34,True,False
2024-10-01,W3,NIFTY,BULLISH,CE,25850,15:00:00,15:05:00,1.82,0.39,-78.66,-7831.93,56.69,-7888.62,1088413.61,1138413.61,10000,5460,STOP_LOSS,29,True,False
2024-10-03,W1,SENSEX,BEARISH,PE,83200,10:10:00,11:15:00,48.87,131.0,168.07,16425.99,88.59,16337.4,1104751.01,1154751.01,10000,200,TARGET_HIT,319,True,False
2024-10-03,W2,SENSEX,BEARISH,PE,82500,13:20:00,13:50:00,15.97,64.45,303.53,30056.96,108.1,29948.86,1134699.87,1184699.87,10000,620,TARGET_HIT,129,True,False
2024-10-08,W3,NIFTY,BEARISH,PE,24900,14:50:00,14:55:00,1.7,0.14,-91.8,-9147.53,54.63,-9202.16,1125497.71,1175497.71,10000,5850,STOP_LOSS,39,True,False
2024-10-10,W1,SENSEX,BULLISH,CE,82000,09:55:00,10:35:00,53.52,30.01,-43.92,-4231.25,59.12,-4290.37,1121207.34,1171207.34,10000,180,STOP_LOSS,334,True,False
2024-10-17,W1,SENSEX,BEARISH,PE,81000,09:45:00,10:35:00,52.15,32.55,-37.58,-3527.88,59.65,-3587.53,1117619.81,1167619.81,10000,180,STOP_LOSS,344,True,False
2024-10-24,W1,SENSEX,BEARISH,PE,79600,09:45:00,09:50:00,36.59,18.4,-49.71,-4729.38,58.19,-4787.57,1112832.24,1162832.24,10000,260,STOP_LOSS,344,True,False
2024-11-05,W3,NIFTY,BULLISH,CE,24250,15:00:00,15:10:00,1.52,0.22,-85.58,-8557.35,55.64,-8612.99,1104219.25,1154219.25,10000,6565,STOP_LOSS,29,True,False
2024-11-07,W1,SENSEX,BEARISH,PE,79600,09:55:00,10:00:00,58.42,149.7,156.26,14605.34,85.22,14520.12,1118739.37,1168739.37,10000,160,TARGET_HIT,334,True,False
2024-11-14,W1,SENSEX,BULLISH,CE,78200,10:00:00,10:05:00,49.27,27.27,-44.66,-4400.6,59.29,-4459.89,1114279.48,1164279.48,10000,200,STOP_LOSS,329,True,False
2024-11-19,W3,NIFTY,BEARISH,PE,23600,14:50:00,14:55:00,1.68,23.02,1267.73,126229.06,269.19,125959.87,1240239.35,1290239.35,10000,5915,TARGET_HIT,39,True,False
2024-11-28,W1,SENSEX,BULLISH,CE,80600,10:00:00,10:20:00,46.14,27.29,-40.87,-3771.36,59.01,-3830.37,1236408.98,1286408.98,10000,200,STOP_LOSS,329,True,False
2024-11-28,W2,SENSEX,BULLISH,CE,79700,13:55:00,14:10:00,6.14,0.01,-99.84,-9934.29,51.64,-9985.93,1226423.05,1276423.05,10000,1620,STOP_LOSS,94,True,False
2024-12-05,W1,SENSEX,BEARISH,PE,80700,09:45:00,10:55:00,59.73,189.77,217.72,20806.48,94.38,20712.1,1247135.15,1297135.15,10000,160,TARGET_HIT,344,True,False
2024-12-05,W2,SENSEX,BULLISH,CE,81800,13:35:00,14:10:00,18.05,137.22,660.36,64351.26,156.3,64194.96,1311330.11,1361330.11,10000,540,TARGET_HIT,114,True,False
2024-12-05,W3,SENSEX,BEARISH,PE,81500,14:50:00,14:55:00,10.45,261.57,2402.82,236048.06,399.22,235648.84,1546978.95,1596978.95,10000,940,TARGET_HIT,39,True,False
2024-12-12,W1,SENSEX,BEARISH,PE,81300,10:35:00,15:15:00,45.35,27.05,-40.36,-4027.04,60.04,-4087.08,1542891.87,1592891.87,10000,220,STOP_LOSS,294,True,False
2024-12-19,W1,SENSEX,BULLISH,CE,79700,09:40:00,09:45:00,42.83,25.56,-40.32,-3798.67,59.33,-3858.0,1539033.87,1589033.87,10000,220,STOP_LOSS,349,True,False
2024-12-26,W1,SENSEX,BEARISH,PE,78400,10:00:00,10:45:00,42.15,130.48,209.53,19431.36,91.91,19339.45,1558373.32,1608373.32,10000,220,TARGET_HIT,329,True,False
2024-12-26,W2,SENSEX,BEARISH,PE,78100,13:30:00,13:40:00,10.97,0.49,-95.54,-9434.59,52.21,-9486.8,1548886.52,1598886.52,10000,900,STOP_LOSS,119,True,False
2025-01-02,W1,SENSEX,BULLISH,CE,79000,09:55:00,10:45:00,50.87,149.57,194.02,17765.77,89.33,17676.44,1566562.96,1616562.96,10000,180,TARGET_HIT,334,True,False
2025-01-02,W2,SENSEX,BULLISH,CE,79900,13:15:00,14:45:00,14.35,67.47,370.25,36125.78,116.41,36009.37,1602572.33,1652572.33,10000,680,TARGET_HIT,134,True,False
2025-01-09,W1,SENSEX,BEARISH,PE,77500,10:45:00,11:15:00,32.43,19.31,-40.46,-3937.03,59.71,-3996.74,1598575.59,1648575.59,10000,300,STOP_LOSS,284,True,False
2025-01-16,W1,SENSEX,BEARISH,PE,76800,09:40:00,11:55:00,37.28,24.15,-35.22,-3414.53,60.38,-3474.91,1595100.68,1645100.68,10000,260,STOP_LOSS,349,True,False
2025-01-23,W1,SENSEX,BULLISH,CE,76700,09:35:00,14:00:00,41.52,20.06,-51.69,-5151.14,58.43,-5209.57,1589891.11,1639891.11,10000,240,STOP_LOSS,354,True,False
2025-01-30,W1,SENSEX,BULLISH,CE,76900,10:00:00,11:00:00,42.97,24.86,-42.14,-3983.23,59.13,-4042.36,1585848.75,1635848.75,10000,220,STOP_LOSS,329,True,False
2025-01-30,W2,SENSEX,BEARISH,PE,76500,13:25:00,14:05:00,15.32,59.75,290.0,28435.0,105.63,28329.37,1614178.12,1664178.12,10000,640,TARGET_HIT,124,True,False
2025-01-30,W3,SENSEX,BULLISH,CE,76800,15:00:00,15:05:00,2.79,17.57,530.92,52945.41,140.59,52804.82,1666982.94,1716982.94,10000,3580,TARGET_HIT,29,True,False
2025-02-06,W1,SENSEX,BEARISH,PE,77800,11:10:00,12:10:00,31.03,17.77,-42.72,-4242.42,59.65,-4302.07,1662680.87,1712680.87,10000,320,STOP_LOSS,259,True,False
2025-02-06,W3,SENSEX,BULLISH,CE,78100,15:00:00,15:10:00,12.37,4.59,-62.9,-6227.12,56.79,-6283.91,1656396.96,1706396.96,10000,800,STOP_LOSS,29,True,False
2025-02-11,W3,NIFTY,BULLISH,CE,23150,14:50:00,14:55:00,1.51,0.0,-100.0,-9932.98,53.31,-9986.29,1646410.67,1696410.67,10000,6565,STOP_LOSS,39,True,False
2025-02-13,W1,SENSEX,BULLISH,CE,76800,09:50:00,10:25:00,35.56,20.2,-43.2,-4301.21,59.62,-4360.83,1642049.84,1692049.84,10000,280,STOP_LOSS,339,True,False
2025-02-13,W2,SENSEX,BEARISH,PE,76300,13:25:00,13:30:00,10.56,39.44,273.46,27147.09,104.03,27043.06,1669092.9,1719092.9,10000,940,TARGET_HIT,124,True,False
2025-03-06,W1,SENSEX,BEARISH,PE,73200,09:45:00,09:50:00,33.06,11.19,-66.16,-6560.52,56.35,-6616.87,1662476.03,1712476.03,10000,300,STOP_LOSS,344,True,False
2025-03-06,W2,SENSEX,BULLISH,CE,74400,13:45:00,14:25:00,5.95,1.99,-66.63,-6662.64,56.36,-6719.0,1655757.03,1705757.03,10000,1680,STOP_LOSS,104,True,False
2025-03-13,W1,SENSEX,BULLISH,CE,74500,09:55:00,10:40:00,32.92,20.6,-37.42,-3695.09,60.32,-3755.41,1652001.62,1702001.62,10000,300,STOP_LOSS,334,True,False
2025-03-20,W1,SENSEX,BEARISH,PE,75500,10:05:00,10:15:00,29.22,15.24,-47.84,-4752.81,58.94,-4811.75,1647189.87,1697189.87,10000,340,STOP_LOSS,324,True,False
2025-03-20,W2,SENSEX,BULLISH,CE,76400,13:10:00,13:55:00,11.56,46.03,298.06,29639.62,107.59,29532.03,1676721.9,1726721.9,10000,860,TARGET_HIT,139,True,False
2025-03-27,W1,SENSEX,BULLISH,CE,77800,09:55:00,12:00:00,48.84,26.65,-45.44,-4438.18,59.07,-4497.25,1672224.65,1722224.65,10000,200,STOP_LOSS,334,True,False
2025-04-17,W1,SENSEX,BULLISH,CE,77200,09:40:00,10:05:00,39.05,19.53,-49.98,-4684.1,57.99,-4742.09,1667482.56,1717482.56,10000,240,STOP_LOSS,349,True,False
2025-04-17,W2,SENSEX,BULLISH,CE,78500,13:10:00,13:50:00,18.72,78.77,320.85,31228.49,109.44,31119.05,1698601.61,1748601.61,10000,520,TARGET_HIT,139,True,False
2025-04-24,W1,SENSEX,BEARISH,PE,79700,09:40:00,09:50:00,52.43,30.82,-41.23,-3890.96,59.23,-3950.19,1694651.42,1744651.42,10000,180,STOP_LOSS,349,True,False
2025-04-29,W3,NIFTY,BEARISH,PE,24300,15:10:00,15:15:00,1.21,0.12,-90.12,-8948.89,54.86,-9003.75,1685647.67,1735647.67,10000,8190,STOP_LOSS,19,True,False
2025-05-08,W2,SENSEX,BEARISH,PE,80400,13:20:00,13:25:00,8.38,3.94,-52.94,-5232.85,58.17,-5291.02,1680356.65,1730356.65,10000,1180,STOP_LOSS,129,True,False
2025-05-08,W3,SENSEX,BEARISH,PE,80200,14:50:00,14:55:00,4.38,1.63,-62.85,-6274.56,56.88,-6331.44,1674025.21,1724025.21,10000,2280,STOP_LOSS,39,True,False
2025-05-15,W1,SENSEX,BEARISH,PE,80700,10:00:00,10:25:00,46.41,29.93,-35.51,-3296.52,59.79,-3356.31,1670668.9,1720668.9,10000,200,STOP_LOSS,329,True,False
2025-05-15,W2,SENSEX,BULLISH,CE,81900,13:05:00,13:10:00,23.23,125.08,438.52,42778.25,125.81,42652.44,1713321.34,1763321.34,10000,420,TARGET_HIT,144,True,False
2025-05-22,W1,SENSEX,BULLISH,CE,81200,09:55:00,10:05:00,43.42,25.46,-41.36,-3950.69,59.36,-4010.05,1709311.29,1759311.29,10000,220,STOP_LOSS,334,True,False
2025-05-22,W3,SENSEX,BULLISH,CE,81100,14:55:00,15:00:00,4.42,0.59,-86.67,-8655.8,53.52,-8709.32,1700601.97,1750601.97,10000,2260,STOP_LOSS,34,True,False
2025-05-27,W3,NIFTY,BULLISH,CE,24850,14:55:00,15:15:00,2.16,0.93,-57.12,-5704.97,60.13,-5765.1,1694836.87,1744836.87,10000,4615,STOP_LOSS,34,True,False
2025-05-29,W1,SENSEX,BEARISH,PE,81200,10:30:00,12:55:00,51.44,30.4,-40.91,-3787.85,59.05,-3846.9,1690989.97,1740989.97,10000,180,STOP_LOSS,299,True,False
2025-05-29,W3,SENSEX,BULLISH,CE,81600,15:00:00,15:10:00,6.88,71.27,935.3,92712.15,196.71,92515.44,1783505.41,1833505.41,10000,1440,TARGET_HIT,29,True,False
2025-06-05,W2,SENSEX,BEARISH,PE,81200,13:30:00,13:45:00,19.59,8.67,-55.73,-5458.24,57.68,-5515.92,1777989.49,1827989.49,10000,500,STOP_LOSS,119,True,False
2025-06-12,W1,SENSEX,BEARISH,PE,82200,09:40:00,13:25:00,57.94,204.66,253.25,23475.88,97.62,23378.26,1801367.75,1851367.75,10000,160,TARGET_HIT,349,True,False
2025-06-12,W2,SENSEX,BEARISH,PE,81800,13:25:00,13:35:00,12.57,56.48,349.47,34251.16,113.84,34137.32,1835505.07,1885505.07,10000,780,TARGET_HIT,124,True,False
2025-06-19,W2,SENSEX,BULLISH,CE,81700,14:05:00,14:20:00,12.45,5.48,-56.01,-5580.67,57.82,-5638.49,1829866.58,1879866.58,10000,800,STOP_LOSS,84,True,False
2025-06-26,W1,SENSEX,BEARISH,PE,82800,10:40:00,10:50:00,45.09,26.87,-40.42,-4009.24,59.96,-4069.2,1825797.38,1875797.38,10000,220,STOP_LOSS,289,True,False
2025-06-26,W2,SENSEX,BULLISH,CE,83600,13:40:00,13:55:00,13.88,71.3,413.75,41341.98,124.22,41217.76,1867015.14,1917015.14,10000,720,TARGET_HIT,109,True,False
2025-06-26,W3,SENSEX,BULLISH,CE,83800,14:55:00,15:10:00,12.94,5.44,-57.95,-5697.51,57.41,-5754.92,1861260.22,1911260.22,10000,760,STOP_LOSS,34,True,False
2025-07-03,W1,SENSEX,BULLISH,CE,83800,09:45:00,11:45:00,60.14,33.15,-44.87,-4317.84,58.97,-4376.81,1856883.41,1906883.41,10000,160,STOP_LOSS,344,True,False
2025-07-03,W2,SENSEX,BULLISH,CE,84000,13:35:00,13:45:00,11.85,1.12,-90.57,-9018.16,52.95,-9071.11,1847812.3,1897812.3,10000,840,STOP_LOSS,114,True,False
2025-07-10,W1,SENSEX,BEARISH,PE,83000,11:00:00,11:10:00,31.07,19.85,-36.12,-3590.98,60.6,-3651.58,1844160.72,1894160.72,10000,320,STOP_LOSS,269,True,False
2025-07-24,W1,SENSEX,BEARISH,PE,82100,11:20:00,12:00:00,25.52,87.91,244.48,23709.29,98.74,23610.55,1867771.27,1917771.27,10000,380,TARGET_HIT,249,True,False
2025-07-24,W2,SENSEX,BULLISH,CE,82500,13:45:00,13:55:00,8.26,1.91,-76.91,-7620.36,54.83,-7675.19,1860096.08,1910096.08,10000,1200,STOP_LOSS,104,True,False
2025-07-29,W3,NIFTY,BULLISH,CE,24850,15:00:00,15:05:00,1.68,0.76,-54.94,-5470.67,60.44,-5531.11,1854564.97,1904564.97,10000,5915,STOP_LOSS,29,True,False
2025-07-31,W1,SENSEX,BULLISH,CE,81400,11:00:00,12:05:00,29.16,18.53,-36.44,-3612.62,60.51,-3673.13,1850891.84,1900891.84,10000,340,STOP_LOSS,269,True,False
2025-07-31,W2,SENSEX,BULLISH,CE,81900,13:30:00,13:45:00,18.77,8.84,-52.89,-5161.09,58.03,-5219.12,1845672.72,1895672.72,10000,520,STOP_LOSS,119,True,False
2025-07-31,W3,SENSEX,BEARISH,PE,81200,15:00:00,15:15:00,12.52,68.47,446.69,43639.27,127.06,43512.21,1889184.93,1939184.93,10000,780,TARGET_HIT,29,True,False
2025-08-07,W1,SENSEX,BEARISH,PE,80000,10:25:00,12:35:00,50.22,31.99,-36.31,-3282.18,59.35,-3341.53,1885843.4,1935843.4,10000,180,STOP_LOSS,304,True,False
2025-08-07,W2,SENSEX,BEARISH,PE,79700,13:20:00,13:40:00,15.99,5.51,-65.55,-6499.44,56.43,-6555.87,1879287.53,1929287.53,10000,620,STOP_LOSS,129,True,False
2025-08-07,W3,SENSEX,BULLISH,CE,80600,15:00:00,15:15:00,7.89,47.42,501.4,49819.42,136.11,49683.31,1928970.84,1978970.84,10000,1260,TARGET_HIT,29,True,False
2025-08-14,W1,SENSEX,BULLISH,CE,80900,10:25:00,11:10:00,48.53,31.13,-35.85,-3479.85,60.31,-3540.16,1925430.68,1975430.68,10000,200,STOP_LOSS,304,True,False
2025-08-14,W2,SENSEX,BEARISH,PE,80400,14:20:00,14:30:00,7.38,3.33,-54.86,-5428.9,57.91,-5486.81,1919943.87,1969943.87,10000,1340,STOP_LOSS,69,True,False
2025-08-21,W1,SENSEX,BULLISH,CE,82400,10:00:00,11:00:00,43.45,23.06,-46.91,-4484.25,58.62,-4542.87,1915401.0,1965401.0,10000,220,STOP_LOSS,329,True,False
2025-08-21,W3,SENSEX,BEARISH,PE,81900,15:10:00,15:15:00,6.09,2.49,-59.21,-5915.71,57.4,-5973.11,1909427.89,1959427.89,10000,1640,STOP_LOSS,19,True,False
2025-08-28,W1,SENSEX,BULLISH,CE,80500,09:40:00,10:45:00,50.81,131.58,158.95,14537.68,84.75,14452.93,1923880.82,1973880.82,10000,180,TARGET_HIT,349,True,False
2025-09-04,W1,SENSEX,BEARISH,PE,80900,10:05:00,12:20:00,48.11,145.67,202.81,19512.41,92.67,19419.74,1943300.56,1993300.56,10000,200,TARGET_HIT,324,True,False
2025-09-04,W2,SENSEX,BEARISH,PE,80700,13:40:00,14:20:00,10.82,84.04,676.61,67362.38,160.95,67201.43,2010501.99,2060501.99,10000,920,TARGET_HIT,109,True,False
2025-09-04,W3,SENSEX,BEARISH,PE,80600,14:50:00,14:55:00,8.34,2.31,-72.35,-7116.89,55.41,-7172.3,2003329.69,2053329.69,10000,1180,STOP_LOSS,39,True,False
2025-09-18,W3,SENSEX,BULLISH,CE,83100,15:00:00,15:05:00,12.43,5.39,-56.66,-5636.5,57.71,-5694.21,1997635.48,2047635.48,10000,800,STOP_LOSS,29,True,False
2025-09-25,W1,SENSEX,BEARISH,PE,81400,10:35:00,11:20:00,53.38,29.56,-44.62,-4286.84,58.99,-4345.83,1993289.65,2043289.65,10000,180,STOP_LOSS,294,True,False
2025-09-25,W3,SENSEX,BEARISH,PE,81000,15:00:00,15:10:00,2.67,0.96,-64.05,-6385.08,56.69,-6441.77,1986847.88,2036847.88,10000,3740,STOP_LOSS,29,True,False
2025-10-07,W3,NIFTY,BEARISH,PE,25100,14:55:00,15:10:00,1.58,14.17,795.15,79370.11,194.97,79175.14,2066023.02,2116023.02,10000,6305,TARGET_HIT,34,True,False
2025-10-09,W1,SENSEX,BEARISH,PE,81500,10:05:00,10:20:00,36.93,21.02,-43.09,-4138.12,59.19,-4197.31,2061825.71,2111825.71,10000,260,STOP_LOSS,324,True,False
2025-10-09,W2,SENSEX,BULLISH,CE,82300,13:55:00,14:10:00,13.32,2.75,-79.32,-7815.95,54.46,-7870.41,2053955.3,2103955.3,10000,740,STOP_LOSS,94,True,False
2025-10-16,W2,SENSEX,BULLISH,CE,83600,14:00:00,14:55:00,7.04,45.16,541.1,53361.62,140.98,53220.64,2107175.94,2157175.94,10000,1400,TARGET_HIT,89,True,False
2025-10-16,W3,SENSEX,BULLISH,CE,83700,14:55:00,15:00:00,10.25,1.09,-89.39,-8796.13,53.05,-8849.18,2098326.76,2148326.76,10000,960,STOP_LOSS,34,True,False
2025-10-23,W2,SENSEX,BEARISH,PE,84700,13:55:00,14:10:00,8.97,33.79,276.81,27306.82,104.14,27202.68,2125529.44,2175529.44,10000,1100,TARGET_HIT,94,True,False
2025-10-23,W3,SENSEX,BEARISH,PE,84700,14:55:00,15:00:00,14.7,112.44,664.96,66466.82,159.76,66307.06,2191836.5,2241836.5,10000,680,TARGET_HIT,34,True,False
2025-11-06,W1,SENSEX,BEARISH,PE,83200,10:10:00,10:50:00,41.67,24.12,-42.12,-3861.33,58.77,-3920.1,2187916.4,2237916.4,10000,220,STOP_LOSS,319,True,False
2025-11-06,W2,SENSEX,BEARISH,PE,83300,13:40:00,13:50:00,12.79,49.65,288.33,28754.68,106.39,28648.29,2216564.69,2266564.69,10000,780,TARGET_HIT,109,True,False
2025-11-13,W1,SENSEX,BULLISH,CE,84800,10:10:00,11:05:00,38.87,106.11,173.0,16137.55,87.35,16050.2,2232614.89,2282614.89,10000,240,TARGET_HIT,319,True,False
2025-11-13,W2,SENSEX,BEARISH,PE,84500,13:55:00,15:29:00,14.65,22.93,56.55,5633.66,73.67,5559.99,2238174.88,2288174.88,10000,680,FORCE_CLOSE,94,True,False
2025-11-13,W3,SENSEX,BEARISH,PE,84400,14:55:00,15:00:00,10.18,3.64,-64.22,-6406.87,56.68,-6463.55,2231711.33,2281711.33,10000,980,STOP_LOSS,34,True,False
2025-11-20,W2,SENSEX,BULLISH,CE,86000,13:50:00,13:55:00,6.48,2.79,-56.9,-5680.35,57.72,-5738.07,2225973.26,2275973.26,10000,1540,STOP_LOSS,99,True,False
2025-11-27,W1,SENSEX,BEARISH,PE,85500,09:40:00,09:50:00,46.75,26.71,-42.88,-4009.37,58.9,-4068.27,2221904.99,2271904.99,10000,200,STOP_LOSS,349,True,False
2025-11-27,W2,SENSEX,BEARISH,PE,85400,13:10:00,13:50:00,20.25,10.58,-47.76,-4642.38,58.7,-4701.08,2217203.91,2267203.91,10000,480,STOP_LOSS,139,True,False
2025-11-27,W3,SENSEX,BULLISH,CE,85800,15:00:00,15:05:00,15.57,7.39,-52.57,-5238.96,58.31,-5297.27,2211906.64,2261906.64,10000,640,STOP_LOSS,29,True,False
2025-12-04,W1,SENSEX,BULLISH,CE,85600,10:25:00,11:20:00,50.4,31.95,-36.62,-3321.83,59.36,-3381.19,2208525.45,2258525.45,10000,180,STOP_LOSS,304,True,False
2025-12-04,W3,SENSEX,BULLISH,CE,85400,14:55:00,15:10:00,6.3,1.27,-79.89,-7955.49,54.45,-8009.94,2200515.51,2250515.51,10000,1580,STOP_LOSS,34,True,False
2025-12-11,W1,SENSEX,BEARISH,PE,84000,09:35:00,09:45:00,43.47,27.79,-36.06,-3447.94,60.09,-3508.03,2197007.48,2247007.48,10000,220,STOP_LOSS,354,True,False
2025-12-11,W3,SENSEX,BULLISH,CE,85000,15:00:00,15:10:00,2.54,0.14,-94.49,-9437.64,52.41,-9490.05,2187517.43,2237517.43,10000,3940,STOP_LOSS,29,True,False
2025-12-18,W1,SENSEX,BULLISH,CE,84800,10:20:00,11:10:00,45.09,28.14,-37.58,-3728.21,60.36,-3788.57,2183728.86,2233728.86,10000,220,STOP_LOSS,309,True,False
2025-12-18,W2,SENSEX,BEARISH,PE,84400,13:30:00,13:45:00,17.3,9.48,-45.21,-4381.18,59.01,-4440.19,2179288.67,2229288.67,10000,560,STOP_LOSS,119,True,False
2025-12-18,W3,SENSEX,BULLISH,CE,84600,15:00:00,15:05:00,13.7,2.97,-78.29,-7720.78,54.61,-7775.39,2171513.28,2221513.28,10000,720,STOP_LOSS,29,True,False
2026-01-01,W3,SENSEX,BEARISH,PE,85100,15:10:00,15:20:00,5.79,1.9,-67.26,-6700.02,56.23,-6756.25,2164757.03,2214757.03,10000,1720,STOP_LOSS,19,True,False
2026-01-08,W1,SENSEX,BEARISH,PE,84300,11:20:00,12:00:00,31.32,85.3,172.33,16192.96,87.56,16105.4,2180862.43,2230862.43,10000,300,TARGET_HIT,249,True,False
2026-01-08,W3,SENSEX,BEARISH,PE,84000,15:00:00,15:05:00,3.01,0.95,-68.46,-6832.23,56.08,-6888.31,2173974.12,2223974.12,10000,3320,STOP_LOSS,29,True,False
2026-01-22,W1,SENSEX,BEARISH,PE,82300,10:15:00,10:45:00,53.7,142.62,165.61,16006.86,87.79,15919.07,2189893.19,2239893.19,10000,180,TARGET_HIT,314,True,False
2026-01-22,W3,SENSEX,BEARISH,PE,82100,15:00:00,15:05:00,4.39,0.8,-81.81,-8114.21,54.16,-8168.37,2181724.82,2231724.82,10000,2260,STOP_LOSS,29,True,False
2026-01-29,W1,SENSEX,BEARISH,PE,81700,09:40:00,10:50:00,60.29,31.12,-48.39,-4667.63,58.52,-4726.15,2176998.67,2226998.67,10000,160,STOP_LOSS,349,True,False
2026-01-29,W2,SENSEX,BULLISH,CE,82700,13:40:00,14:05:00,19.19,4.58,-76.13,-7595.89,55.0,-7650.89,2169347.78,2219347.78,10000,520,STOP_LOSS,109,True,False
2026-02-05,W1,SENSEX,BEARISH,PE,83200,09:40:00,10:10:00,54.37,22.99,-57.71,-5647.43,57.4,-5704.83,2163642.95,2213642.95,10000,180,STOP_LOSS,349,True,False
2026-02-05,W2,SENSEX,BEARISH,PE,83000,14:05:00,14:25:00,6.23,2.56,-58.85,-5868.13,57.43,-5925.56,2157717.39,2207717.39,10000,1600,STOP_LOSS,84,True,False
2026-02-12,W2,SENSEX,BEARISH,PE,83500,13:55:00,14:10:00,7.57,3.88,-48.68,-4861.4,58.88,-4920.28,2152797.11,2202797.11,10000,1320,STOP_LOSS,94,True,False
2026-02-12,W3,SENSEX,BULLISH,CE,83800,15:00:00,15:10:00,11.83,1.52,-87.18,-8665.99,53.42,-8719.41,2144077.7,2194077.7,10000,840,STOP_LOSS,29,True,False
2026-02-24,W3,NIFTY,BULLISH,CE,25450,14:55:00,15:00:00,3.6,0.79,-78.08,-7667.91,56.65,-7724.56,2136353.14,2186353.14,10000,2730,STOP_LOSS,34,True,False
2026-02-26,W1,SENSEX,BULLISH,CE,82700,10:10:00,10:20:00,54.52,29.94,-45.08,-4424.19,59.18,-4483.37,2131869.77,2181869.77,10000,180,STOP_LOSS,319,True,False
2026-02-26,W3,SENSEX,BEARISH,PE,82100,15:10:00,15:15:00,2.58,0.31,-87.99,-8791.15,53.33,-8844.48,2123025.29,2173025.29,10000,3880,STOP_LOSS,19,True,False
2026-03-05,W1,SENSEX,BULLISH,CE,79700,09:45:00,10:10:00,50.92,28.26,-44.5,-4078.49,58.46,-4136.95,2118888.34,2168888.34,10000,180,STOP_LOSS,344,True,False
2026-03-05,W2,SENSEX,BEARISH,PE,79200,13:50:00,14:15:00,10.83,46.81,332.13,33096.61,112.51,32984.1,2151872.44,2201872.44,10000,920,TARGET_HIT,99,True,False
2026-03-05,W3,SENSEX,BULLISH,CE,80400,14:50:00,15:00:00,3.92,0.01,-99.75,-9925.91,51.65,-9977.56,2141894.88,2191894.88,10000,2540,STOP_LOSS,39,True,False
2026-03-12,W1,SENSEX,BULLISH,CE,76400,09:50:00,10:05:00,45.51,24.11,-47.02,-4279.83,58.06,-4337.89,2137556.99,2187556.99,10000,200,STOP_LOSS,339,True,False
2026-03-12,W2,SENSEX,BULLISH,CE,76700,13:25:00,13:30:00,8.12,29.34,261.51,25894.5,102.21,25792.29,2163349.28,2213349.28,10000,1220,TARGET_HIT,124,True,False
2026-03-12,W3,SENSEX,BEARISH,PE,75900,14:50:00,14:55:00,3.96,1.4,-64.7,-6452.96,56.61,-6509.57,2156839.71,2206839.71,10000,2520,STOP_LOSS,39,True,False
2026-03-17,W3,NIFTY,BULLISH,CE,23650,14:50:00,15:00:00,3.09,0.14,-95.47,-9384.41,53.95,-9438.36,2147401.35,2197401.35,10000,3185,STOP_LOSS,39,True,False
2026-03-24,W3,NIFTY,BEARISH,PE,22850,14:50:00,14:55:00,1.04,0.07,-93.3,-9289.56,54.38,-9343.94,2138057.41,2188057.41,10000,9555,STOP_LOSS,39,True,False
2026-04-02,W1,SENSEX,BEARISH,PE,71400,10:05:00,10:10:00,45.16,14.96,-66.87,-6644.03,56.27,-6700.3,2131357.11,2181357.11,10000,220,STOP_LOSS,324,True,False
2026-04-02,W2,SENSEX,BULLISH,CE,72500,13:20:00,13:25:00,14.13,64.24,354.7,35079.14,115.18,34963.96,2166321.07,2216321.07,10000,700,TARGET_HIT,129,True,False
2026-04-02,W3,SENSEX,BULLISH,CE,73200,14:50:00,15:00:00,6.0,53.07,784.27,78138.96,176.2,77962.76,2244283.83,2294283.83,10000,1660,TARGET_HIT,39,True,False
2026-04-09,W1,SENSEX,BEARISH,PE,76700,09:45:00,10:15:00,53.8,19.17,-64.36,-6232.64,56.38,-6289.02,2237994.81,2287994.81,10000,180,STOP_LOSS,344,True,False
2026-04-09,W2,SENSEX,BEARISH,PE,76500,13:20:00,14:00:00,11.31,5.27,-53.42,-5317.96,58.18,-5376.14,2232618.67,2282618.67,10000,880,STOP_LOSS,129,True,False
2026-04-16,W1,SENSEX,BEARISH,PE,78200,09:40:00,09:45:00,58.53,36.56,-37.54,-3515.21,59.63,-3574.84,2229043.83,2279043.83,10000,160,STOP_LOSS,349,True,False
2026-04-16,W2,SENSEX,BEARISH,PE,77500,13:20:00,13:25:00,14.56,7.94,-45.44,-4498.19,59.23,-4557.42,2224486.41,2274486.41,10000,680,STOP_LOSS,129,True,False
2026-04-16,W3,SENSEX,BEARISH,PE,77900,15:00:00,15:05:00,4.45,49.94,1022.53,101899.93,209.8,101690.13,2326176.54,2376176.54,10000,2240,TARGET_HIT,29,True,False
2026-04-23,W1,SENSEX,BULLISH,CE,78300,09:45:00,10:25:00,40.08,23.84,-40.51,-3897.07,59.56,-3956.63,2322219.91,2372219.91,10000,240,STOP_LOSS,344,True,False
2026-04-23,W2,SENSEX,BULLISH,CE,78200,13:20:00,13:30:00,13.77,4.75,-65.49,-6492.24,56.44,-6548.68,2315671.23,2365671.23,10000,720,STOP_LOSS,129,True,False
2026-04-30,W1,SENSEX,BEARISH,PE,76300,10:00:00,12:05:00,49.71,18.77,-62.24,-6187.37,56.92,-6244.29,2309426.94,2359426.94,10000,200,STOP_LOSS,329,True,False
2026-04-30,W2,SENSEX,BULLISH,CE,77100,13:20:00,13:40:00,10.62,63.42,497.13,49633.6,135.93,49497.67,2358924.61,2408924.61,10000,940,TARGET_HIT,129,True,False
2026-04-30,W3,SENSEX,BEARISH,PE,76800,15:00:00,15:05:00,1.46,16.49,1026.99,102463.95,210.62,102253.33,2461177.94,2511177.94,10000,6820,TARGET_HIT,29,True,False
2026-05-07,W1,SENSEX,BEARISH,PE,77600,11:05:00,11:55:00,25.97,10.6,-59.19,-5841.77,57.28,-5899.05,2455278.89,2505278.89,10000,380,STOP_LOSS,264,True,False
2026-05-07,W2,SENSEX,BEARISH,PE,77700,13:15:00,13:30:00,8.19,3.12,-61.84,-6176.37,57.02,-6233.39,2449045.5,2499045.5,10000,1220,STOP_LOSS,134,True,False
2026-05-12,W3,NIFTY,BEARISH,PE,23400,14:50:00,15:00:00,2.0,15.49,672.9,66615.7,174.57,66441.13,2515486.63,2565486.63,10000,4940,TARGET_HIT,39,True,False
2026-05-14,W1,SENSEX,BEARISH,PE,74600,09:40:00,10:30:00,44.52,25.81,-42.03,-4116.33,59.58,-4175.91,2511310.72,2561310.72,10000,220,STOP_LOSS,349,True,False
2026-05-14,W3,SENSEX,BEARISH,PE,75200,15:05:00,15:10:00,1.08,0.03,-97.23,-9722.51,52.03,-9774.54,2501536.18,2551536.18,10000,9240,STOP_LOSS,24,True,False
2026-05-19,W3,NIFTY,BEARISH,PE,23600,15:05:00,15:29:00,1.73,0.0,-100.0,-9915.39,53.3,-9968.69,2491567.49,2541567.49,10000,5720,FORCE_CLOSE,24,True,False
2026-05-21,W1,SENSEX,BULLISH,CE,75900,09:40:00,09:55:00,36.26,19.48,-46.28,-4363.17,58.55,-4421.72,2487145.77,2537145.77,10000,260,STOP_LOSS,349,True,False
2026-05-21,W2,SENSEX,BULLISH,CE,75400,13:35:00,13:50:00,9.98,2.77,-72.2,-7205.48,55.55,-7261.03,2479884.74,2529884.74,10000,1000,STOP_LOSS,114,True,False
2026-06-04,W1,SENSEX,BULLISH,CE,74500,09:45:00,10:15:00,36.46,96.39,164.34,15580.26,86.84,15493.42,2495378.16,2545378.16,10000,260,TARGET_HIT,344,True,False
2026-06-04,W2,SENSEX,BEARISH,PE,73900,13:10:00,13:20:00,10.87,4.59,-57.77,-5652.81,57.39,-5710.2,2489667.96,2539667.96,10000,900,STOP_LOSS,139,True,False
2026-06-04,W3,SENSEX,BEARISH,PE,74200,14:50:00,14:55:00,3.37,0.76,-77.47,-7720.39,54.8,-7775.19,2481892.77,2531892.77,10000,2960,STOP_LOSS,39,True,False
2026-06-09,W3,NIFTY,BULLISH,CE,23300,14:50:00,15:00:00,2.13,0.07,-96.73,-9661.39,53.86,-9715.25,2472177.52,2522177.52,10000,4680,STOP_LOSS,39,True,False
2026-06-11,W1,SENSEX,BULLISH,CE,74000,09:45:00,09:55:00,36.75,14.76,-59.84,-5718.16,56.87,-5775.03,2466402.49,2516402.49,10000,260,STOP_LOSS,344,True,False
2026-06-11,W2,SENSEX,BEARISH,PE,74000,13:10:00,14:50:00,16.05,111.02,591.61,58878.6,148.95,58729.65,2525132.14,2575132.14,10000,620,TARGET_HIT,139,True,False
2026-06-11,W3,SENSEX,BEARISH,PE,73800,14:50:00,15:05:00,7.97,41.4,419.68,41454.61,124.17,41330.44,2566462.58,2616462.58,10000,1240,TARGET_HIT,39,True,False
2026-06-18,W1,SENSEX,BULLISH,CE,77500,09:45:00,10:25:00,37.79,21.13,-44.09,-4331.02,59.33,-4390.35,2562072.23,2612072.23,10000,260,STOP_LOSS,344,True,False
2026-06-18,W3,SENSEX,BULLISH,CE,77400,14:55:00,15:05:00,4.31,55.37,1185.08,118460.22,233.28,118226.94,2680299.17,2730299.17,10000,2320,TARGET_HIT,34,True,False
